{
  "within": {
    "python_T1_C0": {
      "n": 10,
      "sd": 0.0,
      "n_distinct": 1,
      "agreement": 1.0,
      "valid": 1.0,
      "mean": -0.11756978413300206,
      "modal": -0.11756978413300206
    },
    "python_T1_C1": {
      "n": 10,
      "sd": 6.7986997775525915e-18,
      "n_distinct": 1,
      "agreement": 1.0,
      "valid": 1.0,
      "mean": -0.11756978413300208,
      "modal": -0.11756978413300208
    },
    "python_T1_C2": {
      "n": 10,
      "sd": 0.0,
      "n_distinct": 1,
      "agreement": 1.0,
      "valid": 1.0,
      "mean": -0.11756978413300206,
      "modal": -0.11756978413300206
    },
    "python_T1_C3": {
      "n": 10,
      "sd": 0.0,
      "n_distinct": 1,
      "agreement": 1.0,
      "valid": 1.0,
      "mean": -0.11756978413300206,
      "modal": -0.11756978413300206
    },
    "python_T1_C4": {
      "n": 10,
      "sd": 0.0,
      "n_distinct": 1,
      "agreement": 1.0,
      "valid": 1.0,
      "mean": -0.11756978413300206,
      "modal": -0.11756978413300206
    },
    "python_T2_C0": {
      "n": 10,
      "sd": 0.006134063208105085,
      "n_distinct": 2,
      "agreement": 0.5,
      "valid": 0.5,
      "mean": 0.8867316631130064,
      "modal": 0.8805976119402985
    },
    "python_T2_C1": {
      "n": 10,
      "sd": 0.008954825906579813,
      "n_distinct": 3,
      "agreement": 0.6,
      "valid": 0.3,
      "mean": 0.8925376119402986,
      "modal": 0.8955223880597015
    },
    "python_T2_C2": {
      "n": 10,
      "sd": 0.00863928724983881,
      "n_distinct": 3,
      "agreement": 0.5,
      "valid": 0.4,
      "mean": 0.8853766879886283,
      "modal": 0.8928571428571429
    },
    "python_T2_C3": {
      "n": 10,
      "sd": 0.0,
      "n_distinct": 1,
      "agreement": 1.0,
      "valid": 1.0,
      "mean": 0.8805970149253731,
      "modal": 0.8805970149253731
    },
    "python_T2_C4": {
      "n": 10,
      "sd": 0.0,
      "n_distinct": 1,
      "agreement": 1.0,
      "valid": 1.0,
      "mean": 0.8805970149253731,
      "modal": 0.8805970149253731
    },
    "python_T3_C0": {
      "n": 10,
      "sd": 1.4432899320127036e-16,
      "n_distinct": 1,
      "agreement": 1.0,
      "valid": 1.0,
      "mean": 0.6696719536879615,
      "modal": 0.6696719536879615
    },
    "python_T3_C1": {
      "n": 10,
      "sd": 1.3893611561233144e-08,
      "n_distinct": 1,
      "agreement": 1.0,
      "valid": 1.0,
      "mean": 0.6696719583191654,
      "modal": 0.6696719583191654
    },
    "python_T3_C2": {
      "n": 10,
      "sd": 0.0,
      "n_distinct": 1,
      "agreement": 1.0,
      "valid": 1.0,
      "mean": 0.6696719536879615,
      "modal": 0.6696719536879615
    },
    "python_T3_C3": {
      "n": 10,
      "sd": 0.0,
      "n_distinct": 1,
      "agreement": 1.0,
      "valid": 1.0,
      "mean": 0.6696719536879615,
      "modal": 0.6696719536879615
    },
    "python_T3_C4": {
      "n": 10,
      "sd": 0.0,
      "n_distinct": 1,
      "agreement": 1.0,
      "valid": 1.0,
      "mean": 0.6696719536879615,
      "modal": 0.6696719536879615
    },
    "python_T4_C0": {
      "n": 10,
      "sd": 1.2651402325758454e-07,
      "n_distinct": 1,
      "agreement": 1.0,
      "valid": 0.0,
      "mean": 3.2952063795420696,
      "modal": 3.2952063795420696
    },
    "python_T4_C1": {
      "n": 10,
      "sd": 1.2651402325758454e-07,
      "n_distinct": 1,
      "agreement": 1.0,
      "valid": 0.0,
      "mean": 3.2952063795420696,
      "modal": 3.2952063795420696
    },
    "python_T4_C2": {
      "n": 10,
      "sd": 0.0,
      "n_distinct": 1,
      "agreement": 1.0,
      "valid": 1.0,
      "mean": 3.4641913664166615,
      "modal": 3.4641913664166615
    },
    "python_T4_C3": {
      "n": 10,
      "sd": 4.998401692546395e-12,
      "n_distinct": 1,
      "agreement": 1.0,
      "valid": 1.0,
      "mean": 3.4641913664149953,
      "modal": 3.4641913664149953
    },
    "python_T4_C4": {
      "n": 10,
      "sd": 2.6645352591003756e-16,
      "n_distinct": 1,
      "agreement": 1.0,
      "valid": 1.0,
      "mean": 3.4641913664166615,
      "modal": 3.4641913664166615
    },
    "r_T1_C0": {
      "n": 10,
      "sd": 7.286295353688442e-09,
      "n_distinct": 1,
      "agreement": 1.0,
      "valid": 1.0,
      "mean": -0.11756978887,
      "modal": -0.11756978887
    },
    "r_T1_C1": {
      "n": 10,
      "sd": 4.769999999154617e-09,
      "n_distinct": 1,
      "agreement": 1.0,
      "valid": 1.0,
      "mean": -0.11756978569000001,
      "modal": -0.11756978569000001
    },
    "r_T1_C2": {
      "n": 10,
      "sd": 0.0,
      "n_distinct": 1,
      "agreement": 1.0,
      "valid": 1.0,
      "mean": -0.1175697841,
      "modal": -0.1175697841
    },
    "r_T1_C3": {
      "n": 10,
      "sd": 0.0,
      "n_distinct": 1,
      "agreement": 1.0,
      "valid": 1.0,
      "mean": -0.1175697841,
      "modal": -0.1175697841
    },
    "r_T1_C4": {
      "n": 10,
      "sd": 4.769999999154617e-09,
      "n_distinct": 1,
      "agreement": 1.0,
      "valid": 1.0,
      "mean": -0.11756978569000001,
      "modal": -0.11756978569000001
    },
    "r_T2_C0": {
      "n": 10,
      "sd": 0.01599999999999997,
      "n_distinct": 2,
      "agreement": 0.8,
      "valid": 0.0,
      "mean": 0.918,
      "modal": 0.91
    },
    "r_T2_C1": {
      "n": 10,
      "sd": 0.004611899999999991,
      "n_distinct": 2,
      "agreement": 0.9,
      "valid": 0.0,
      "mean": 0.9115373,
      "modal": 0.91
    },
    "r_T2_C2": {
      "n": 10,
      "sd": 0.004611940298507455,
      "n_distinct": 2,
      "agreement": 0.9,
      "valid": 0.0,
      "mean": 0.9115373134328358,
      "modal": 0.91
    },
    "r_T2_C3": {
      "n": 10,
      "sd": 3.582112384492575e-12,
      "n_distinct": 1,
      "agreement": 1.0,
      "valid": 1.0,
      "mean": 0.8656716417928357,
      "modal": 0.8656716417928357
    },
    "r_T2_C4": {
      "n": 10,
      "sd": 4.477640480615719e-12,
      "n_distinct": 1,
      "agreement": 1.0,
      "valid": 1.0,
      "mean": 0.8656716417955224,
      "modal": 0.8656716417955224
    },
    "r_T3_C0": {
      "n": 10,
      "sd": 2.3150000028060447e-08,
      "n_distinct": 1,
      "agreement": 1.0,
      "valid": 1.0,
      "mean": 0.66967197685,
      "modal": 0.66967197685
    },
    "r_T3_C1": {
      "n": 10,
      "sd": 1.8520000022448358e-08,
      "n_distinct": 1,
      "agreement": 1.0,
      "valid": 1.0,
      "mean": 0.66967196296,
      "modal": 0.66967196296
    },
    "r_T3_C2": {
      "n": 10,
      "sd": 1.8520000022448358e-08,
      "n_distinct": 1,
      "agreement": 1.0,
      "valid": 1.0,
      "mean": 0.66967196296,
      "modal": 0.66967196296
    },
    "r_T3_C3": {
      "n": 10,
      "sd": 3.611411170112433e-12,
      "n_distinct": 1,
      "agreement": 1.0,
      "valid": 1.0,
      "mean": 0.6696719536987962,
      "modal": 0.6696719536987962
    },
    "r_T3_C4": {
      "n": 10,
      "sd": 2.1221003402113396e-08,
      "n_distinct": 1,
      "agreement": 1.0,
      "valid": 1.0,
      "mean": 0.6696719861075924,
      "modal": 0.6696719861075924
    },
    "r_T4_C0": {
      "n": 10,
      "sd": 1.9324926557131228e-07,
      "n_distinct": 1,
      "agreement": 1.0,
      "valid": 0.0,
      "mean": 3.295206126511341,
      "modal": 3.295206126511341
    },
    "r_T4_C1": {
      "n": 10,
      "sd": 1.6868268207126926e-07,
      "n_distinct": 1,
      "agreement": 1.0,
      "valid": 0.0,
      "mean": 3.295206084341341,
      "modal": 3.295206084341341
    },
    "r_T4_C2": {
      "n": 10,
      "sd": 1.6791320809144053e-07,
      "n_distinct": 1,
      "agreement": 1.0,
      "valid": 1.0,
      "mean": 3.464191109924998,
      "modal": 3.464191109924998
    },
    "r_T4_C3": {
      "n": 10,
      "sd": 1.4656666404988528e-07,
      "n_distinct": 1,
      "agreement": 1.0,
      "valid": 1.0,
      "mean": 3.464191073283332,
      "modal": 3.464191073283332
    },
    "r_T4_C4": {
      "n": 10,