{
  "cells": {
    "T1_C0": {
      "n": 10,
      "mean": -0.11756978413300206,
      "sd": 0.0,
      "cv": 0.0,
      "range": 0.0,
      "n_distinct": 1,
      "modal_agreement_rate": 1.0,
      "abs_err_ref": 3.0215866997931884e-05,
      "validity_rate": 1.0
    },
    "T1_C1": {
      "n": 10,
      "mean": -0.11756978413300208,
      "sd": 6.7986997775525915e-18,
      "cv": 5.782693085377693e-17,
      "range": 1.3877787807814457e-17,
      "n_distinct": 1,
      "modal_agreement_rate": 1.0,
      "abs_err_ref": 3.0215866997918006e-05,
      "validity_rate": 1.0
    },
    "T1_C2": {
      "n": 10,
      "mean": -0.11756978413300206,
      "sd": 0.0,
      "cv": 0.0,
      "range": 0.0,
      "n_distinct": 1,
      "modal_agreement_rate": 1.0,
      "abs_err_ref": 3.0215866997931884e-05,
      "validity_rate": 1.0
    },
    "T1_C3": {
      "n": 10,
      "mean": -0.11756978413300206,
      "sd": 0.0,
      "cv": 0.0,
      "range": 0.0,
      "n_distinct": 1,
      "modal_agreement_rate": 1.0,
      "abs_err_ref": 3.0215866997931884e-05,
      "validity_rate": 1.0
    },
    "T1_C4": {
      "n": 10,
      "mean": -0.11756978413300206,
      "sd": 0.0,
      "cv": 0.0,
      "range": 0.0,
      "n_distinct": 1,
      "modal_agreement_rate": 1.0,
      "abs_err_ref": 3.0215866997931884e-05,
      "validity_rate": 1.0
    },
    "T2_C0": {
      "n": 10,
      "mean": 0.8867316631130064,
      "sd": 0.006134063208105085,
      "cv": 0.006917609309867793,
      "range": 0.012302985074626904,
      "n_distinct": 2,
      "modal_agreement_rate": 0.5,
      "abs_err_ref": 0.0061316631130063914,
      "validity_rate": 0.5
    },
    "T2_C1": {
      "n": 10,
      "mean": 0.8925376119402986,
      "sd": 0.008954825906579813,
      "cv": 0.010032995569915317,
      "range": 0.02985074626865669,
      "n_distinct": 3,
      "modal_agreement_rate": 0.6,
      "abs_err_ref": 0.01193761194029852,
      "validity_rate": 0.3
    },
    "T2_C2": {
      "n": 10,
      "mean": 0.8853766879886283,
      "sd": 0.00863928724983881,
      "cv": 0.009757753244514805,
      "range": 0.027185501066098183,
      "n_distinct": 3,
      "modal_agreement_rate": 0.5,
      "abs_err_ref": 0.004776687988628292,
      "validity_rate": 0.4
    },
    "T2_C3": {
      "n": 10,
      "mean": 0.8805970149253731,
      "sd": 0.0,
      "cv": 0.0,
      "range": 0.0,
      "n_distinct": 1,
      "modal_agreement_rate": 1.0,
      "abs_err_ref": 2.9850746269266537e-06,
      "validity_rate": 1.0
    },
    "T2_C4": {
      "n": 10,
      "mean": 0.8805970149253731,
      "sd": 0.0,
      "cv": 0.0,
      "range": 0.0,
      "n_distinct": 1,
      "modal_agreement_rate": 1.0,
      "abs_err_ref": 2.9850746269266537e-06,
      "validity_rate": 1.0
    },
    "T3_C0": {
      "n": 10,
      "mean": 0.6696719536879615,
      "sd": 1.4432899320127036e-16,
      "cv": 2.1552193190476885e-16,
      "range": 5.551115123125783e-16,
      "n_distinct": 1,
      "modal_agreement_rate": 1.0,
      "abs_err_ref": 2.8046312038454424e-05,
      "validity_rate": 1.0
    },
    "T3_C1": {
      "n": 10,
      "mean": 0.6696719583191654,
      "sd": 1.3893611561233144e-08,
      "cv": 2.0746891651406812e-08,
      "range": 4.631203853744381e-08,
      "n_distinct": 1,
      "modal_agreement_rate": 1.0,
      "abs_err_ref": 2.8041680834589577e-05,
      "validity_rate": 1.0
    },
    "T3_C2": {
      "n": 10,
      "mean": 0.6696719536879615,
      "sd": 0.0,
      "cv": 0.0,
      "range": 0.0,
      "n_distinct": 1,
      "modal_agreement_rate": 1.0,
      "abs_err_ref": 2.8046312038454424e-05,
      "validity_rate": 1.0
    },
    "T3_C3": {
      "n": 10,
      "mean": 0.6696719536879615,
      "sd": 0.0,
      "cv": 0.0,
      "range": 0.0,
      "n_distinct": 1,
      "modal_agreement_rate": 1.0,
      "abs_err_ref": 2.8046312038454424e-05,
      "validity_rate": 1.0
    },
    "T3_C4": {
      "n": 10,
      "mean": 0.6696719536879615,
      "sd": 0.0,
      "cv": 0.0,
      "range": 0.0,
      "n_distinct": 1,
      "modal_agreement_rate": 1.0,
      "abs_err_ref": 2.8046312038454424e-05,
      "validity_rate": 1.0
    },
    "T4_C0": {
      "n": 10,
      "mean": 3.2952063795420696,
      "sd": 1.2651402325758454e-07,
      "cv": 3.839335346126819e-08,
      "range": 4.2171341085861513e-07,
      "n_distinct": 1,
      "modal_agreement_rate": 1.0,
      "abs_err_ref": 0.16899362045793032,
      "validity_rate": 0.0
    },
    "T4_C1": {
      "n": 10,
      "mean": 3.2952063795420696,
      "sd": 1.2651402325758454e-07,
      "cv": 3.839335346126819e-08,
      "range": 4.2171341085861513e-07,
      "n_distinct": 1,
      "modal_agreement_rate": 1.0,
      "abs_err_ref": 0.16899362045793032,
      "validity_rate": 0.0
    },
    "T4_C2": {
      "n": 10,
      "mean": 3.4641913664166615,
      "sd": 0.0,
      "cv": 0.0,
      "range": 0.0,
      "n_distinct": 1,
      "modal_agreement_rate": 1.0,
      "abs_err_ref": 8.633583338468753e-06,
      "validity_rate": 1.0
    },
    "T4_C3": {
      "n": 10,
      "mean": 3.4641913664149953,
      "sd": 4.998401692546395e-12,
      "cv": 1.4428768979119983e-12,
      "range": 1.666133897515465e-11,
      "n_distinct": 1,
      "modal_agreement_rate": 1.0,
      "abs_err_ref": 8.633585004691469e-06,
      "validity_rate": 1.0
    },
    "T4_C4": {
      "n": 10,
      "mean": 3.4641913664166615,
      "sd": 2.6645352591003756e-16,
      "cv": 7.691651462824799e-17,
      "range": 8.881784197001252e-16,
      "n_distinct": 1,
      "modal_agreement_rate": 1.0,
      "abs_err_ref": 8.633583338468753e-06,
      "validity_rate": 1.0
    }
  },
  "exploratory_contrasts": {
    "T2_modal_agreement_python_low_C0_C2_vs_high_C3_C4": {
      "group_a": [
        16,
        30
      ],
      "group_b": [
        20,
        20
      ],
      "odds_ratio": 0.0,
      "p_two_sided": 0.00021600994112318738
    },
    "T2_validity_python_low_C0_C2_vs_high_C3_C4": {
      "group_a": [
        12,
        30
      ],
      "group_b": [
        20,
        20
      ],
      "odds_ratio": 0.0,
      "p_two_sided": 8.396221645964666e-06
    },
    "T4_validity_python_precontract_C0_C1_vs_contract_C2_C4": {
      "group_a": [
        0,
        20
      ],
      "group_b": [
        30,
        30
      ],
      "odds_ratio": 0.0,
      "p_two_sided": 2.1218262567674434e-14
    }
  },
  "references": {
    "T1": {
      "value": -0.1176,
      "direction": "negative",
      "quantity": "pooled Pearson r, sepal length vs width (iris)"
    },
    "T2": {
      "value": 0.8806,
      "quantity": "test accuracy predicting penguin sex (scaled LogReg, 80/20 stratified seed42)"
    },
    "T3": {
      "value": 0.6697,
      "secondary": "p<1e-80",
      "quantity": "eta-squared, penguin body mass ~ species (one-way ANOVA)"
    },
    "T4": {
      "value": 3.4642,
      "quantity": "mean per-transect fish biomass, Cabo Pulmo 2023 (unit=Reef+Transect, sum-then-mean); matches LTEM tool value"
    }
  }
}