{
  "token": {
    "static": {
      "T1": {
        "C0": {
          "chars": 862,
          "tok": 193
        },
        "C1": {
          "chars": 1104,
          "tok": 250
        },
        "C2": {
          "chars": 1249,
          "tok": 295
        },
        "C3": {
          "chars": 1402,
          "tok": 320
        },
        "C4": {
          "chars": 1681,
          "tok": 400
        }
      },
      "T2": {
        "C0": {
          "chars": 930,
          "tok": 211
        },
        "C1": {
          "chars": 1172,
          "tok": 271
        },
        "C2": {
          "chars": 1362,
          "tok": 313
        },
        "C3": {
          "chars": 1678,
          "tok": 383
        },
        "C4": {
          "chars": 2211,
          "tok": 511
        }
      },
      "T3": {
        "C0": {
          "chars": 936,
          "tok": 206
        },
        "C1": {
          "chars": 1154,
          "tok": 262
        },
        "C2": {
          "chars": 1375,
          "tok": 316
        },
        "C3": {
          "chars": 1526,
          "tok": 344
        },
        "C4": {
          "chars": 1911,
          "tok": 451
        }
      },
      "T4": {
        "C0": {
          "chars": 1115,
          "tok": 267
        },
        "C1": {
          "chars": 1322,
          "tok": 324
        },
        "C2": {
          "chars": 1714,
          "tok": 428
        },
        "C3": {
          "chars": 1883,
          "tok": 458
        },
        "C4": {
          "chars": 2430,
          "tok": 602
        }
      }
    },
    "dynamic": {
      "C0": {
        "n": 24,
        "median": 1983.0,
        "mean": 1903.4583333333333,
        "sd": 779.7570123210749,
        "static_tok_mean": 219.25,
        "values": [
          856,
          1016,
          961,
          1035,
          457,
          1018,
          987,
          2349,
          1668,
          2535,
          2732,
          2154,
          1895,
          2201,
          1707,
          2020,
          1788,
          1946,
          2770,
          2081,
          2416,
          2258,
          3272,
          3561
        ]
      },
      "C1": {
        "n": 24,
        "median": 1699.0,
        "mean": 1803.2916666666667,
        "sd": 1092.356378018283,
        "static_tok_mean": 276.75,
        "values": [
          941,
          716,
          898,
          929,
          972,
          498,
          995,
          1770,
          1767,
          1631,
          2630,
          1153,
          1963,
          2068,
          1928,
          1059,
          1863,
          2003,
          1093,
          1495,
          2659,
          3129,
          5547,
          3572
        ]
      },
      "C2": {
        "n": 24,
        "median": 1506.0,
        "mean": 1552,
        "sd": 563.182548853685,
        "static_tok_mean": 338,
        "values": [
          905,
          1261,
          938,
          564,
          1251,
          520,
          2212,
          729,
          1942,
          2257,
          1730,
          2555,
          2183,
          2280,
          1259,
          1341,
          1743,
          1357,
          1274,
          1863,
          1441,
          1571,
          1958,
          2114
        ]
      },
      "C3": {
        "n": 24,
        "median": 1402.0,
        "mean": 1491.9166666666667,
        "sd": 562.96520886187,
        "static_tok_mean": 376.25,
        "values": [
          987,
          971,
          796,
          544,
          961,
          1097,
          2462,
          1165,
          1228,
          1982,
          1455,
          3116,
          1316,
          1314,
          1688,
          1349,
          1676,
          1571,
          1951,
          939,
          2123,
          1669,
          1878,
          1568
        ]
      },
      "C4": {
        "n": 24,
        "median": 1254.5,
        "mean": 1431.7083333333333,
        "sd": 715.2514988430448,
        "static_tok_mean": 491,
        "values": [
          1149,
          539,
          935,
          919,
          1010,
          739,
          1243,
          1266,
          1288,
          647,
          1283,
          1789,
          1508,
          1382,
          618,
          1182,
          1118,
          1942,
          1525,
          1161,
          3161,
          2859,
          3135,
          1963
        ]
      }
    },
    "tests": {
      "net_C4_minus_C0": {
        "point": -471.75,
        "ci": [
          -888.653125,
          -60.01458333333358
        ]
      },
      "net_C2_minus_C1": {
        "point": -251.29166666666674,
        "ci": [
          -765.2781249999999,
          201.4614583333332
        ]
      },
      "low_vs_high": {
        "n_low": 48,
        "n_high": 48,
        "median_low": 1825.5,
        "median_high": 1301.0,
        "U": 1429.5,
        "p": 0.0423795070823541,
        "rank_biserial": -0.24088541666666674
      },
      "most_expensive_level": "C0",
      "valid_vs_invalid": {
        "n_valid": 98,
        "n_invalid": 22,
        "median_valid": 1345.0,
        "median_invalid": 2382.5,
        "p": 2.3853421987479753e-05
      }
    }
  },
  "multimodel": {
    "haiku_C0_T1": {
      "n": 6,
      "modal": 1.0,
      "valid": 1.0,
      "median": -0.11756978413300206,
      "values": [
        -0.11756978413300208,
        -0.11756978413300208,
        -0.11756978413300206,
        -0.11756978413300206,
        -0.1175697841,
        -0.11756978413300208
      ]
    },
    "haiku_C0_T2": {
      "n": 6,
      "modal": 0.6666666666666666,
      "valid": 0.16666666666666666,
      "median": 0.9104477611940298,
      "values": [
        0.9104477611940298,
        0.9104477611940298,
        0.8805970149253731,
        0.9104477611940298,
        0.9104477611940298,
        0.8656716417910447
      ]
    },
    "haiku_C0_T3": {
      "n": 6,
      "modal": 1.0,
      "valid": 1.0,
      "median": 0.6696719536879615,
      "values": [
        0.669672,
        0.6696719536879615,
        0.6696719536879615,
        0.6696719536879615,
        0.6696719536879615,
        0.6696719536879615
      ]
    },
    "haiku_C0_T4": {
      "n": 6,
      "modal": 1.0,
      "valid": 0.0,
      "median": 33.77586582256245,
      "values": [
        33.77586582256245,
        33.77586582256245,
        33.77586582256245,
        33.77586582256245,
        33.77586582256245,
        33.77586582256245
      ]
    },
    "haiku_C4_T1": {
      "n": 6,
      "modal": 1.0,
      "valid": 1.0,
      "median": -0.11756978413300206,
      "values": [
        -0.11756978413300206,
        -0.11756978413300206,
        -0.11756978413300206,
        -0.11756978413300206,
        -0.11756978413300206,
        -0.11756978413300206
      ]
    },
    "haiku_C4_T2": {
      "n": 6,
      "modal": 1.0,
      "valid": 1.0,
      "median": 0.8805970149253731,
      "values": [
        0.8805970149253731,
        0.8805970149253731,
        0.8805970149253731,
        0.8805970149253731,
        0.8805970149253731,
        0.8805970149253731
      ]
    },
    "haiku_C4_T3": {
      "n": 6,
      "modal": 1.0,
      "valid": 1.0,
      "median": 0.6696719536879615,
      "values": [
        0.6696719536879615,
        0.6696719536879615,
        0.6696719536879615,
        0.6696719536879615,
        0.6696719536879615,
        0.6696719536879615
      ]
    },
    "haiku_C4_T4": {
      "n": 6,
      "modal": 1.0,
      "valid": 1.0,
      "median": 3.4641913664166615,
      "values": [
        3.4641913664166615,
        3.4641913664166615,
        3.4641913664166615,
        3.4641913664166615,
        3.4641913664166615,
        3.4641913664166615
      ]
    },
    "opus_C0_T1": {
      "n": 6,
      "modal": 1.0,
      "valid": 1.0,
      "median": -0.11756978413300206,